"Condition","loc_coord","loc_id","plate","seconds","normalized_sums"
"WT+DMSO","A1",1,1,1,0.169949073760275
"WT+DMSO","A1",1,2,1,0.0168731424306516
"WT+DMSO","A2",2,1,1,0.285103922101423
"WT+DMSO","A2",2,2,1,1.68383524462585
"Mut1","A3",3,1,1,0.201434009636027
"Mut1","A3",3,2,1,0.729372022801261
"Mut1","A4",4,1,1,0.138116238040592
"Mut1","A4",4,2,1,0.0299193865780627
"Mut2","A5",5,1,1,0
"Mut2","A5",5,2,1,0.207174357060888
"Mut2","A6",6,1,1,0.24596518965919
"Mut2","A6",6,2,1,0.000695799687861923
"Mut3","A7",7,1,1,0.115676698107045
"Mut3","A7",7,2,1,0.3618158376882
"Mut3","A8",8,1,1,1.93397523241222
"Mut3","A8",8,2,1,0.000173949921965481
"Mut4","A9",9,1,1,1.00351709981886
"Mut4","A9",9,2,1,0.0151336432109968
"Mut4","A10",10,1,1,0
"Mut4","A10",10,2,1,0.503237124246136
"MUT+DMSO","A11",11,1,1,0.421132761078429
"MUT+DMSO","A11",11,2,1,1.48553233358521
"MUT+DMSO","A12",12,1,1,0.229961796838366
"MUT+DMSO","A12",12,2,1,0.0737547669133638
"WT+DMSO","B1",13,1,1,0.391387324422332
"WT+DMSO","B1",13,2,1,0.00260924882948221
"WT+DMSO","B2",14,1,1,0.286669471399112
"WT+DMSO","B2",14,2,1,0.560118748728848
"Mut1","B3",15,1,1,0.220742450974195
"Mut1","B3",15,2,1,0.0387908325983022
"Mut1","B4",16,1,1,0.44879079867094
"Mut1","B4",16,2,1,0.0763640157428461
"Mut2","B5",17,1,1,0.533504410668129
"Mut2","B5",17,2,1,0.164382676257379
"Mut2","B6",18,1,1,0.424437809595773
"Mut2","B6",18,2,1,0.210305455656266
"Mut3","B7",19,1,1,0
"Mut3","B7",19,2,1,0.224743299179401
"Mut3","B8",20,1,1,0.943330426818802
"Mut3","B8",20,2,1,0.390169674968573
"Mut4","B9",21,1,1,5.81288454232047
"Mut4","B9",21,2,1,0.0203521408699612
"Mut4","B10",22,1,1,0.576122141549672
"Mut4","B10",22,2,1,0.000173949921965481
"MUT+DMSO","B11",23,1,1,0.490538779942656
"MUT+DMSO","B11",23,2,1,0.136028838977006
"MUT+DMSO","B12",24,1,1,0.00173949921965481
"MUT+DMSO","B12",24,2,1,0.00313109859537865
"WT+DMSO","C1",25,1,1,0.637874363847418
"WT+DMSO","C1",25,2,1,0.185778516659133
"WT+DMSO","C2",26,1,1,0
"WT+DMSO","C2",26,2,1,1.16059387935369
"Mut1","C3",27,1,1,0
"Mut1","C3",27,2,1,0.00191344914162029
"Mut1","C4",28,1,1,1.50379707539158
"Mut1","C4",28,2,1,2.40885851937798
"Mut2","C5",29,1,1,0.674055947616238
"Mut2","C5",29,2,1,0.332244350954068
"Mut2","C6",30,1,1,0.0238311393092709
"Mut2","C6",30,2,1,3.52387751917671
"Mut3","C7",31,1,1,2.81485763724541
"Mut3","C7",31,2,1,0.457836194613145
"Mut3","C8",32,1,1,0
"Mut3","C8",32,2,1,0
"Mut4","C9",33,1,1,0.000347899843930962
"Mut4","C9",33,2,1,0.124548144127284
"Mut4","C10",34,1,1,0
"Mut4","C10",34,2,1,0.473317737668073
"MUT+DMSO","C11",35,1,1,0
"MUT+DMSO","C11",35,2,1,1.27818402660235
"MUT+DMSO","C12",36,1,1,0.151510382031934
"MUT+DMSO","C12",36,2,1,0.185604566737168
"WT+DMSO","D1",37,1,1,0.15551123023714
"WT+DMSO","D1",37,2,1,0.559944798806883
"WT+DMSO","D2",38,1,1,4.17079727896633
"WT+DMSO","D2",38,2,1,0.0259185383728566
"Mut1","D3",39,1,1,0
"Mut1","D3",39,2,1,0.128896892176421
"Mut1","D4",40,1,1,0.766597306101874
"Mut1","D4",40,2,1,0.414696613965706
"Mut2","D5",41,1,1,0
"Mut2","D5",41,2,1,1.60607962950728
"Mut2","D6",42,1,1,0
"Mut2","D6",42,2,1,1.73897736988891
"Mut3","D7",43,1,1,2.84964762163851
"Mut3","D7",43,2,1,0.133071690303593
"Mut3","D8",44,1,1,0.946983375180077
"Mut3","D8",44,2,1,0.0393126823641987
"Mut4","D9",45,1,1,2.11957979914938
"Mut4","D9",45,2,1,1.38725062767471
"Mut4","D10",46,1,1,0.318850206962726
"Mut4","D10",46,2,1,0.495061477913758
"MUT+DMSO","D11",47,1,1,0.0772337653526735
"MUT+DMSO","D11",47,2,1,0.587428886477429
"MUT+DMSO","D12",48,1,1,0.60778102734739
"MUT+DMSO","D12",48,2,1,0
"WT+DMSO","E1",49,1,1,0.689711440593131
"WT+DMSO","E1",49,2,1,0.977772511367967
"WT+DMSO","E2",50,1,1,0.0939329578613596
"WT+DMSO","E2",50,2,1,0.255880335211222
"Mut1","E3",51,1,1,1.81795063446124
"Mut1","E3",51,2,1,0
"Mut1","E4",52,1,1,0.152380131641761
"Mut1","E4",52,2,1,0.183169267829651
"Mut2","E5",53,1,1,0.0567076745607467
"Mut2","E5",53,2,1,0.000173949921965481
"Mut2","E6",54,1,1,0.000173949921965481
"Mut2","E6",54,2,1,0.000695799687861923
"Mut3","E7",55,1,1,0.156033080003036
"Mut3","E7",55,2,1,0.0179168419624445
"Mut3","E8",56,1,1,0
"Mut3","E8",56,2,1,0.452617696954181
"Mut4","E9",57,1,1,1.74089081903053
"Mut4","E9",57,2,1,0.172210422745826
"Mut4","E10",58,1,1,0.0984556558324621
"Mut4","E10",58,2,1,0.0575774241705741
"MUT+DMSO","E11",59,1,1,0.685014792700063
"MUT+DMSO","E11",59,2,1,0.00434874804913702
"MUT+DMSO","E12",60,1,1,0
"MUT+DMSO","E12",60,2,1,0.771120004072976
"WT+DMSO","F1",61,1,1,0.000173949921965481
"WT+DMSO","F1",61,2,1,1.5006659767962
"WT+DMSO","F2",62,1,1,0
"WT+DMSO","F2",62,2,1,0.00260924882948221
"Mut1","F3",63,1,1,0.555596050757746
"Mut1","F3",63,2,1,0.267013130217013
"Mut1","F4",64,1,1,0.366164585737337
"Mut1","F4",64,2,1,1.42586751035105
"Mut2","F5",65,1,1,0.00191344914162029
"Mut2","F5",65,2,1,0.125243943815146
"Mut2","F6",66,1,1,0
"Mut2","F6",66,2,1,0.00243529890751673
"Mut3","F7",67,1,1,0
"Mut3","F7",67,2,1,0.00243529890751673
"Mut3","F8",68,1,1,0.539592657936921
"Mut3","F8",68,2,1,0.482711033454209
"Mut4","F9",69,1,1,0
"Mut4","F9",69,2,1,0.00487059781503346
"Mut4","F10",70,1,1,0.70554088349199
"Mut4","F10",70,2,1,0.0240050892312363
"MUT+DMSO","F11",71,1,1,0.111849799823804
"MUT+DMSO","F11",71,2,1,0.269970278890426
"MUT+DMSO","F12",72,1,1,0
"MUT+DMSO","F12",72,2,1,0.0805388138700176
"WT+DMSO","G1",73,1,1,0.177081020560859
"WT+DMSO","G1",73,2,1,3.66129795752944
"WT+DMSO","G2",74,1,1,0.693886238720303
"WT+DMSO","G2",74,2,1,0.858964714665544
"Mut1","G3",75,1,1,0.0652312207370553
"Mut1","G3",75,2,1,0.278319875144769
"Mut1","G4",76,1,1,0.00382689828324058
"Mut1","G4",76,2,1,0.00713194680058471
"Mut2","G5",77,1,1,0.00765379656648115
"Mut2","G5",77,2,1,0.0118285946936527
"Mut2","G6",78,1,1,0
"Mut2","G6",78,2,1,0.267534979982909
"Mut3","G7",79,1,1,0.00591429734682635
"Mut3","G7",79,2,1,0.00139159937572385
"Mut3","G8",80,1,1,0.34372504580379
"Mut3","G8",80,2,1,0.801735190338901
"Mut4","G9",81,1,1,0.000173949921965481
"Mut4","G9",81,2,1,1.10475595440277
"Mut4","G10",82,1,1,0.745027515778154
"Mut4","G10",82,2,1,0.797038542445833
"MUT+DMSO","G11",83,1,1,0.151858281875865
"MUT+DMSO","G11",83,2,1,0.0238311393092709
"MUT+DMSO","G12",84,1,1,0.120025446156182
"MUT+DMSO","G12",84,2,1,0.000173949921965481
"WT+DMSO","H1",85,1,1,0.413131064668017
"WT+DMSO","H1",85,2,1,0.549855703332885
"WT+DMSO","H2",86,1,1,0
"WT+DMSO","H2",86,2,1,0.641179412364762
"Mut1","H3",87,1,1,0.143856585465453
"Mut1","H3",87,2,1,0.0125243943815146
"Mut1","H4",88,1,1,0.24596518965919
"Mut1","H4",88,2,1,1.96267696953652
"Mut2","H5",89,1,1,0.765553606570081
"Mut2","H5",89,2,1,0
"Mut2","H6",90,1,1,4.13722494402699
"Mut2","H6",90,2,1,0.292757718667904
"Mut3","H7",91,1,1,0.165774275633103
"Mut3","H7",91,2,1,0.000173949921965481
"Mut3","H8",92,1,1,1.48535838366324
"Mut3","H8",92,2,1,0.138290187962557
"Mut4","H9",93,1,1,0.319198106806657
"Mut4","H9",93,2,1,0.192388613693822
"Mut4","H10",94,1,1,0.027136187826615
"Mut4","H10",94,2,1,0.000173949921965481
"MUT+DMSO","H11",95,1,1,0
"MUT+DMSO","H11",95,2,1,0.325460303997414
"MUT+DMSO","H12",96,1,1,0.0735808169913984
"MUT+DMSO","H12",96,2,1,0.0975859062226347
